<?xml version="1.0" encoding="UTF-8"?>
<!-- generated by XMLViewGenerator -->
<Root mneVersion="1.1" xmlns:xsi="http://www.w3.org/2001/XMLSchema-instance" xsi:noNamespaceSchemaLocation="../MNEPanel1.xsd">
<Panels>
<Panel name="ZDC100E0" rtype="DETAIL" modDateField="WWLMDT" regDateField="WWRGDT" changedByField="CPCHID"><PanelHeader>ZDB100/E</PanelHeader><PanelDescription langId="ZD10001" /><Objects>
<Caption langId="WOI2615" tab="1291" ><Position left="12" top="6" width="14" height="1" /></Caption>
<EntryField name="ZERQDT" fieldHelp="RQDT" tab="1301"><Constraints maxLength="8" type="DECIMAL" /><BrowsePosition top="0" left="0" /><Position left="22" top="6" width="8" height="1" /></EntryField>
<Caption langId="WLI0515" tab="3072" ><Position left="1" top="13" width="14" height="1" /></Caption>
<EntryField name="WELITP" fieldHelp="EUS600LT" justification="RIGHT" suppressLeadingZero="true" tab="3086"><Constraints maxLength="4" type="DECIMAL" uppercase="UC" /><BrowsePosition top="16" left="18" /><Position left="15" top="13" width="4" height="1" /></EntryField>
<Caption langId="WLI0615" tab="3328" ><Position left="1" top="14" width="14" height="1" /></Caption>
<EntryField name="WELIIN" fieldHelp="EUS600LI" suppressLeadingZero="true" tab="3342"><Constraints maxLength="10" uppercase="UC" /><BrowsePosition top="17" left="18" /><Position left="15" top="14" width="16" height="1" /></EntryField>
<Caption langId="WLI0815" tab="3584" ><Position left="1" top="15" width="14" height="1" /></Caption>
<EntryField name="WELITX" fieldHelp="LITX" suppressLeadingZero="true" tab="3598"><Constraints maxLength="40" /><BrowsePosition top="18" left="18" /><Position left="15" top="15" width="41" height="1" /></EntryField>
<Caption langId="WDA0215" tab="3840" ><Position left="1" top="16" width="14" height="1" /></Caption>
<ComboBox name="WEDTFM" useValue="true" fieldHelp="DTFM" protected="IN45" tab="3854"><ComboBoxValue langId="X__0337" value=" "/><ComboBoxValue langId="X__0240" value="YMD"/><ComboBoxValue langId="X__0241" value="DMY"/><ComboBoxValue langId="X__0242" value="MDY"/><ComboBoxValue langId="X__0243" value="YWD"/><Position left="15" top="16" width="16" height="1" /><BrowsePosition top="19" left="18" /></ComboBox>
<FunctionKeys value="001010110001111000000000" ><FunctionKey fKey="F3" langId="XF03000" />
<FunctionKey fKey="F5" langId="XF05000" />
<FunctionKey fKey="F7" langId="XF07000" visible="!(!IN45)" />
<FunctionKey fKey="F8" langId="XF08000" visible="!(!IN45)" />
<FunctionKey fKey="F12" langId="XF12000" />
<FunctionKey fKey="F13" langId="XF13000" />
<FunctionKey fKey="F14" langId="XF14000" visible="!IN61" />
<FunctionKey fKey="F15" langId="XF15000" />
</FunctionKeys></Objects>
<RecordFields length="412">
<RecordField name="X0RCID" pos="0" length="8"/>
<RecordField name="PXFKEY" pos="16" length="1"/>
<RecordField name="WWCLIN" type="DECIMAL" pos="18" length="3" refField="CLIN"/>
<RecordField name="WWCPOS" type="DECIMAL" pos="21" length="3" refField="CPOS"/>
<RecordField name="WFCONO" type="DECIMAL" pos="24" length="3" refFile="EDUTOO" refField="PJCONO"/>
<RecordField name="WTCONO" type="DECIMAL" pos="27" length="3" refFile="EDUTOO" refField="PJCONO"/>
<RecordField name="WOCONO" type="DECIMAL" pos="30" length="2" refField="QRYO"/>
<RecordField name="WBCONO" type="DECIMAL" pos="32" length="1" refField="QRYB"/>
<RecordField name="WSCONO" type="DECIMAL" pos="33" length="1" refField="QRYS"/>
<RecordField name="WFDIVI" pos="34" length="3" refFile="EDUTOO" refField="PJDIVI"/>
<RecordField name="WTDIVI" pos="40" length="3" refFile="EDUTOO" refField="PJDIVI"/>
<RecordField name="WODIVI" type="DECIMAL" pos="46" length="2" refField="QRYO"/>
<RecordField name="WBDIVI" type="DECIMAL" pos="48" length="1" refField="QRYB"/>
<RecordField name="WSDIVI" type="DECIMAL" pos="49" length="1" refField="QRYS"/>
<RecordField name="WELIVR" pos="50" length="20" refFile="CSYSTP" refField="CPLIVR"/>
<RecordField name="WFTOOL" pos="90" length="15" refFile="EDUTOO" refField="PJTOOL"/>
<RecordField name="WTTOOL" pos="120" length="15" refFile="EDUTOO" refField="PJTOOL"/>
<RecordField name="WOTOOL" type="DECIMAL" pos="150" length="2" refField="QRYO"/>
<RecordField name="WBTOOL" type="DECIMAL" pos="152" length="1" refField="QRYB"/>
<RecordField name="WSTOOL" type="DECIMAL" pos="153" length="1" refField="QRYS"/>
<RecordField name="WFTOOT" pos="154" length="5" refFile="EDUTOO" refField="PJTOOT"/>
<RecordField name="WTTOOT" pos="164" length="5" refFile="EDUTOO" refField="PJTOOT"/>
<RecordField name="WOTOOT" type="DECIMAL" pos="174" length="2" refField="QRYO"/>
<RecordField name="WBTOOT" type="DECIMAL" pos="176" length="1" refField="QRYB"/>
<RecordField name="WSTOOT" type="DECIMAL" pos="177" length="1" refField="QRYS"/>
<RecordField name="WFPUPR" type="DECIMAL" pos="178" length="17" decimals="6" refFile="EDUTOO" refField="PJPUPR"/>
<RecordField name="WTPUPR" type="DECIMAL" pos="195" length="17" decimals="6" refFile="EDUTOO" refField="PJPUPR"/>
<RecordField name="WOPUPR" type="DECIMAL" pos="212" length="2" refField="QRYO"/>
<RecordField name="WBPUPR" type="DECIMAL" pos="214" length="1" refField="QRYB"/>
<RecordField name="WSPUPR" type="DECIMAL" pos="215" length="1" refField="QRYS"/>
<RecordField name="WFMPDT" pos="216" length="6" refFile="EDUTOO" refField="PJMPDT"/>
<RecordField name="WTMPDT" pos="228" length="6" refFile="EDUTOO" refField="PJMPDT"/>
<RecordField name="WOMPDT" type="DECIMAL" pos="240" length="2" refField="QRYO"/>
<RecordField name="WBMPDT" type="DECIMAL" pos="242" length="1" refField="QRYB"/>
<RecordField name="WSMPDT" type="DECIMAL" pos="243" length="1" refField="QRYS"/>
<RecordField name="WELITP" type="DECIMAL" pos="244" length="2" refField="LITP"/>
<RecordField name="WELIIN" pos="246" length="10" refField="LIIN"/>
<RecordField name="WELITX" pos="266" length="40" refField="LITX"/>
<RecordField name="WEDTFM" pos="346" length="3" refField="DTFM"/>
<RecordField name="WWRGDT" pos="352" length="8" refFile="CSYSTP" refField="CPRGDT"/>
<RecordField name="WWLMDT" pos="368" length="8" refFile="CSYSTP" refField="CPLMDT"/>
<RecordField name="CPCHID" pos="384" length="10" refFile="CSYSTP" refField="CPCHID"/>
<RecordField name="ZERQDT" type="DECIMAL" pos="404" length="8"/>
</RecordFields>
</Panel>
</Panels>
<InfoLog>
<InfoFile file="D:\Jyoti_Mak_WS\192.168.201.71_16408\CAR\ViewDefinition\ZD\ZDB100.mvx">
<InfoGen/>
<InfoAction no="PUNDEL001">
<InfoUser user="xjvaidya" date="2024-07-12" time="06:20:00">
<Delta op="REMOVE" class="MvxRecordFormat" obj="ZDC100A0"/>
<Delta op="REMOVE" class="MvxRecordFormat" obj="ZDC100BC"/>
<Delta op="REMOVE" class="MvxRecordFormat" obj="ZDC100BF"/>
<Delta op="REMOVE" class="MvxRecordFormat" obj="ZDC100BS"/>
<Delta op="REMOVE" class="MvxRecordFormat" obj="ZDC100C0"/>
<Delta op="REMOVE" class="MvxRecordFormat" obj="ZDC100D0"/>
<Delta op="REMOVE" class="MvxRecordFormat" obj="ZDC100O0"/>
<Delta op="REMOVE" class="MvxRecordFormat" obj="ZDC100P0"/>
<Delta op="REMOVE" obj="ZDC100E0" attr="WELIVR"/>
<Delta op="REMOVE" class="MvxGroupBoxPart_V" obj="FIELD_ID" attr="MX_0015"/>
<Delta op="REMOVE" obj="ZDC100E0" attr="WLI1115"/>
<Delta op="REMOVE" class="MvxGroupBoxPart_V" obj="FIELD_ID" attr="MX_0235"/>
<Delta op="REMOVE" obj="ZDC100E0" attr="WTO4815"/>
<Delta op="REMOVE" obj="ZDC100E0" attr="WFTOOT"/>
<Delta op="REMOVE" obj="ZDC100E0" attr="WTTOOT"/>
<Delta op="REMOVE" obj="ZDC100E0" attr="WOTOOT"/>
<Delta op="REMOVE" class="MvxChkBoxPart_V" obj="ZDC100E0" attr="WBTOOT"/>
<Delta op="REMOVE" class="MvxChkBoxPart_V" obj="ZDC100E0" attr="WSTOOT"/>
<Delta op="REMOVE" class="MvxChkBoxPart_V" obj="ZDC100E0" attr="WSPUPR"/>
<Delta op="REMOVE" class="MvxChkBoxPart_V" obj="ZDC100E0" attr="WBPUPR"/>
<Delta op="REMOVE" obj="ZDC100E0" attr="WOPUPR"/>
<Delta op="REMOVE" obj="ZDC100E0" attr="WTPUPR"/>
<Delta op="REMOVE" obj="ZDC100E0" attr="WFPUPR"/>
<Delta op="REMOVE" obj="ZDC100E0" attr="WPU0115"/>
<Delta op="REMOVE" obj="ZDC100E0" attr="WQR01C1"/>
<Delta op="REMOVE" obj="ZDC100E0" attr="WQR01C2"/>
<Delta op="REMOVE" obj="ZDC100E0" attr="WQR02C2"/>
<Delta op="REMOVE" obj="ZDC100E0" attr="WQR02C1"/>
<Delta op="REMOVE" class="MvxChkBoxPart_V" obj="ZDC100E0" attr="WSTOOL"/>
<Delta op="REMOVE" class="MvxChkBoxPart_V" obj="ZDC100E0" attr="WBTOOL"/>
<Delta op="REMOVE" obj="ZDC100E0" attr="WOTOOL"/>
<Delta op="REMOVE" obj="ZDC100E0" attr="WQR03C2"/>
<Delta op="REMOVE" obj="ZDC100E0" attr="WQR03C1"/>
<Delta op="REMOVE" obj="ZDC100E0" attr="WFMPDT"/>
<Delta op="REMOVE" obj="ZDC100E0" attr="WMP0215"/>
<Delta op="REMOVE" obj="ZDC100E0" attr="-"/>
<Delta op="REMOVE" obj="ZDC100E0" attr="WTMPDT"/>
<Delta op="REMOVE" obj="ZDC100E0" attr="WOMPDT"/>
<Delta op="REMOVE" class="MvxChkBoxPart_V" obj="ZDC100E0" attr="WBMPDT"/>
<Delta op="REMOVE" class="MvxChkBoxPart_V" obj="ZDC100E0" attr="WSMPDT"/>
<Delta op="REMOVE" obj="ZDC100E0" attr="WTTOOL"/>
<Delta op="REMOVE" obj="ZDC100E0" attr="XTO0115"/>
<Delta op="REMOVE" obj="ZDC100E0" attr="XFR0115"/>
<Delta op="REMOVE" class="MvxGroupBoxPart_V" obj="FIELD_ID" attr="MX_1033"/>
<Delta op="REMOVE" obj="ZDC100E0" attr="-"/>
<Delta op="REMOVE" obj="ZDC100E0" attr="-"/>
<Delta op="REMOVE" obj="ZDC100E0" attr="WFTOOL"/>
<Delta op="REMOVE" obj="ZDC100E0" attr="-"/>
<Delta op="ADD" class="MvxRecordFormat" obj="ZDC100E0" attr="ZERQDT"/>
<Delta obj="ZDC100E0" attr="CZERQDT" name="VERTICAL" new="MVXCON"/>
<Delta op="ADD" obj="ZDC100E0" attr="CZERQDT"/>
<Delta op="REMOVE" obj="ZDC100E0" attr="WTO0115"/>
<Delta obj="ZDC100E0" attr="CZERQDT" name="LEFT" old="21" new="12"/>
<Delta op="ADD" obj="ZDC100E0" attr="ZERQDT"/>
<Delta obj="ZDC100E0" attr="ZERQDT" name="LEFT" old="30" new="22"/>
<Delta obj="ZDC100E0" attr="ZERQDT" name="TOP" old="5" new="6"/>
</InfoUser>
</InfoAction>
</InfoFile>
</InfoLog>
</Root>
